Card Name,Card Code,Days Since Print,Rarity,Price,Availability
Fusion Deployment,SDCS-EN030,187,Super Rare,0.49,Out of Stock
The Legendary Fisherman,LEDU-EN019,978,Common,0.39,Out of Stock
Fiend Griefing,TAMA-EN059,1342,Rare,0.39,Out of Stock
Hot Red Dragon Archfiend King Calamity,SDCK-EN047,950,Super Rare,0.49,Out of Stock
Bujingi Hare,LVAL-EN030,4261,Super Rare,3.29,Out of Stock
Cybernetic Hidden Technology,SDCR-EN030,4464,Common,0.29,Out of Stock
Duoterion,LEDU-EN037,1297,Super Rare,25.09,Out of Stock
Fiendish Golem,SDCK-EN032,950,Common,0.29,Out of Stock
Imperial Iron Wall,TAMA-EN058,1146,Rare,0.39,Out of Stock
Ghostrick Mansion,SHSP-EN062,4261,Common,0.59,Out of Stock
Trickstar Reincarnation,COTD-EN068,411,Secret Rare,2.39,Out of Stock
Mythic Tree Dragon,SHSP-EN010,4261,Common,0.29,Out of Stock
Number 87: Queen of the Night,NUMH-EN034,1993,Super Rare,0.49,Out of Stock
Speedroid Passinglider,COTD-EN098,2798,Common,0.29,Out of Stock
Vampire Vamp,LART-EN033,1601,Ultra Rare,6.29,Out of Stock
"Hapi, Guidance of Horus",AGOV-EN013,96,Super Rare,0.49,Out of Stock
Archnemeses Eschatos,VASM-EN053,894,Rare,0.39,Out of Stock
Photon Chargeman,LVAL-EN007,4261,Common,0.29,Out of Stock
Scarlight Red Dragon Archfiend,SDCK-EN041,950,Common,0.29,Out of Stock
Sacred Noble Knight of King Artorigus,SHSP-EN087,4177,Ultra Rare,5.19,Out of Stock
Ghostrick Yuki-onna,SHSP-EN019,4261,Common,0.39,Out of Stock
Visas Samsara,AGOV-EN004,586,Secret Rare,0.99,Out of Stock
CXyz Simon the Great Moral Leader,NUMH-EN040,4674,Secret Rare,0.99,Out of Stock
Ashura King,POTE-EN048,586,Secret Rare,1.29,Out of Stock
Mathmech Circular,POTE-EN028,1363,Super Rare,0.49,Out of Stock
Gouki The Great Ogre,COTD-EN045,196,Super Rare,0.49,Out of Stock
Pulse Mines,COTD-EN069,2798,Common,0.29,Out of Stock
Skelesaurus,SHSP-EN037,3302,Common,0.29,Out of Stock
Phantom King Hydride,SDCK-EN014,824,Common,0.29,Out of Stock
Scareclaw Straddle,POTE-EN059,964,Super Rare,0.49,Out of Stock
Fire Ant Ascator,SDCK-EN020,950,Common,0.29,Out of Stock
Ghostrick Jiangshi,SHSP-EN020,1454,Common,0.29,Out of Stock
Sacred Serpent's Wake,SHSP-EN068,4555,Common,0.29,Out of Stock
Chow Chow Chan,SHSP-EN002,4555,Common,0.29,Out of Stock
Cyberdark Edge,LEDU-EN027,1503,Common,0.29,Out of Stock
Vampire Kingdom,SHSP-EN064,1454,Common,0.29,Out of Stock
Gravekeeper's Oracle,LVAL-EN034,502,Ultra Rare,1.29,Out of Stock
Powerful Rebirth,SDCK-EN038,950,Common,0.29,Out of Stock
Bujintei Kagutsuchi,SHSP-EN053,4261,Ultra Rare,4.09,Out of Stock
Embrace of the Tistina,AGOV-EN091,922,Super Rare,0.49,Out of Stock
Reflect Bounder,SDCR-EN016,978,Common,0.59,Out of Stock
Skill Prisoner,LVAL-EN078,4261,Super Rare,0.49,Out of Stock
Bujin Regalia - The Mirror,SHSP-EN063,4261,Rare,0.39,Out of Stock
Card of Sanctity,DPYG-EN025,3820,Rare,0.39,Out of Stock
The Legendary Fisherman III,LEDU-EN020,1412,Common,0.29,Out of Stock
Red-Eyes Fang with Chain,LEDU-EN004,2126,Ultra Rare,13.39,Out of Stock
ZW - Asura Strike,LVAL-EN002,4478,Rare,0.59,Out of Stock
Tearlaments Cryme,POTE-EN073,1363,Common,0.29,Out of Stock
Armored Kappa,SHSP-EN097,4555,Super Rare,1.29,Out of Stock
Runick Slumber,TAMA-EN034,964,Rare,0.39,Out of Stock
Tearlaments Sulliek,POTE-EN072,1363,Common,0.29,Out of Stock
Number C69: Heraldry Crest of Horror,LVAL-EN049,4478,Rare,0.89,Out of Stock
Magical Dimension,YSYR-EN033,1622,Common,0.29,Out of Stock
Yomi Ship,YSKR-EN014,1148,Common,0.29,Out of Stock
Exceed the Pendulum,AGOV-EN045,922,Super Rare,0.59,Out of Stock
Puppet Ritual,NUMH-EN054,4674,Super Rare,0.49,Out of Stock
Starry Dragon's Cycle,AGOV-EN079,922,Super Rare,0.49,Out of Stock
La Jinn the Mystical Genie of the Lamp,YSKR-EN003,502,Common,0.39,Out of Stock
Archfiend Giant,SHSP-EN083,4261,Rare,0.49,Out of Stock
Rose Witch,LVAL-EN093,1923,Common,0.29,Out of Stock
Sylvan Peaskeeper,LVAL-EN015,4261,Rare,0.39,Out of Stock
Dark Hole,YSYR-EN025,236,Common,0.59,Out of Stock
Centur-Ion Legatia,VASM-EN019,586,Quarter Century Secret Rare,21.99,Out of Stock
Recall,COTD-EN078,2798,Rare,0.39,Out of Stock
Amaze Attraction Thrill Train,POTE-EN077,586,Common,0.29,Out of Stock
Imduk the World Chalice Dragon,COTD-EN047,2798,Rare,1.09,Out of Stock
Vampire Duke,SHSP-EN082,1454,Rare,0.39,Out of Stock
Battlecruiser Dianthus,NUMH-EN043,4674,Super Rare,0.49,Out of Stock
Vanguard of the Dragon,YSKR-EN025,1125,Common,0.59,Out of Stock
"Alpacaribou, Mystical Beast of the Forest",LVAL-EN095,4261,Common,0.29,Out of Stock
Time to Stand Up,SDCK-EN036,586,Common,0.29,Out of Stock
Malicevorous Fork,SHSP-EN004,4261,Common,0.29,Out of Stock
Crowned by the World Chalice,COTD-EN018,2798,Common,0.29,Out of Stock
Jade Knight,SDCR-EN014,1980,Common,0.29,Out of Stock
Oh Tokenbaum!,SHSP-EN098,2736,Rare,0.39,Out of Stock
Cyber Dragon Nova,SDCR-EN038,1666,Ultra Rare,3.29,Out of Stock
Machina Armored Unit,SDCR-EN028,2203,Common,0.29,Out of Stock
D/D Vice Typhon,COTD-EN017,3190,Common,0.29,Out of Stock
Chronomaly Sol Monolith,NUMH-EN004,4674,Super Rare,0.49,Out of Stock
Shinonome the Vaylantz Priestess,TAMA-EN001,1342,Ultra Rare,2.09,Out of Stock
Meliae of the Trees,SHSP-EN055,4261,Secret Rare,1.39,Out of Stock
Snake-Eye Birch,AGOV-EN009,586,Super Rare,0.49,Out of Stock
Magician's Valkyria,YSYR-EN023,502,Common,0.89,Out of Stock
Soul Resonator,SDCK-EN001,950,Ultra Rare,3.19,Out of Stock
Black Luster Soldier,DPYG-EN017,1511,Rare,0.89,Out of Stock
Ultimate Slayer,POTE-EN067,68,Starlight Rare,54.19,Out of Stock
EN Wave,POTE-EN053,1363,Super Rare,0.49,Out of Stock
Magicalized Duston Mop,SHSP-EN069,4555,Common,0.29,Out of Stock
Dark Hole Dragon,AGOV-EN020,586,Quarter Century Secret Rare,15.99,Out of Stock
"Kalantosa, Mystical Beast of the Forest",LVAL-EN036,796,Common,0.39,Out of Stock
Battlin' Boxer Rabbit Puncher,SHSP-EN007,992,Common,0.29,Out of Stock
Yellow-Bellied Oni,SHSP-EN033,4555,Common,0.29,Out of Stock
Snapdragon,LVAL-EN094,4478,Common,0.29,Out of Stock
Ghostrick Skeleton,LVAL-EN024,4261,Common,0.39,Out of Stock
Swordsman from a Distant Land,LVAL-EN091,4478,Common,0.29,Out of Stock
Heroic Challenger - Ambush Soldier,NUMH-EN010,4674,Secret Rare,0.99,Out of Stock
Sylvan Mikorange,LVAL-EN081,4261,Rare,0.39,Out of Stock
Evilswarm Exciton Knight,LVAL-EN056,47,Secret Rare,17.19,Out of Stock
Mamonaka the Vaylantz United,TAMA-EN009,1342,Ultra Rare,0.49,Out of Stock
Secret Sanctuary of the Spellcasters,SHSP-EN095,4555,Rare,0.49,Out of Stock
Xyz Shift,LVAL-EN061,4478,Common,0.29,Out of Stock
Grisaille Prison,SHSP-EN078,3351,Rare,0.99,Out of Stock
Primeval Planet Perlereino,POTE-EN060,705,Secret Rare,1.09,Out of Stock
Vaylantz World - Konig Wissen,TAMA-EN013,1342,Super Rare,0.49,Out of Stock
Red Zone,SDCK-EN033,950,Common,0.39,Out of Stock
Gadget Gamer,POTE-EN094,1300,Common,0.29,Out of Stock
Protecting Spirit Loagaeth,VASM-EN041,894,Rare,0.39,Out of Stock
Nemleria Repeter,AGOV-EN077,922,Common,0.29,Out of Stock
Pitknight Earlie,POTE-EN083,964,Common,0.29,Out of Stock
Number 63: Shamoji Soldier,NUMH-EN031,4674,Super Rare,0.59,Out of Stock
Birthright,YSKR-EN047,756,Common,0.29,Out of Stock
I.A.S. -Invasive Alien Species-,AGOV-EN023,586,Common,0.29,Out of Stock
Shadow Vampire,SHSP-EN030,1454,Secret Rare,1.59,Out of Stock
Swords of Revealing Light,DPYG-EN018,19,Common,0.29,Out of Stock
Alexandrite Dragon,YSKR-EN011,3491,Common,0.39,Out of Stock
Terrene Toothed Tsuchinoko,SHSP-EN043,4555,Common,0.29,Out of Stock
Realm Eulogy,AGOV-EN053,586,Common,0.29,Out of Stock
Ravenous Vendread,POTE-EN064,1363,Common,0.29,Out of Stock
Spright Jet,POTE-EN004,19,Super Rare,0.49,Out of Stock
F.A. Hang On Mach,COTD-EN087,2798,Common,0.29,Out of Stock
Rank-Up-Magic Astral Force,LVAL-EN059,586,Ultra Rare,0.49,Out of Stock
Rasetsu,SHSP-EN036,4555,Common,0.29,Out of Stock
Merry Melffys,POTE-EN045,586,Common,0.29,Out of Stock
King's Knight,DPYG-EN011,502,Common,0.29,Out of Stock
Damage Gate,YSKR-EN048,4289,Common,0.29,Out of Stock
Transcendosaurus Exaraptor,AGOV-EN044,586,Common,0.29,Out of Stock
Punishment Dragon,COTD-EN028,538,Ultra Rare,0.79,Out of Stock
Bonding - DHO,LEDU-EN039,1297,Rare,0.39,Out of Stock
Ignoble Knight of High Laundsallyn,SHSP-EN086,4177,Secret Rare,2.49,Out of Stock
Skilled White Magician,YSYR-EN012,978,Common,0.29,Out of Stock
Emerging Emergency Rescute Rescue,COTD-EN061,2798,Common,0.29,Out of Stock
Runick Golden Droplet,TAMA-EN035,964,Super Rare,0.49,Out of Stock
Ghostrick Scare,SHSP-EN074,4261,Common,0.59,Out of Stock
Stamping Destruction,YSKR-EN034,1125,Common,0.29,Out of Stock
Cross Keeper,POTE-EN002,964,Common,0.29,Out of Stock
Spright Blue,POTE-EN003,19,Secret Rare,4.49,Out of Stock
Mecha Phantom Beast Kalgriffin,SHSP-EN028,4261,Rare,0.39,Out of Stock
Mystical Elf,YSYR-EN002,1104,Common,0.39,Out of Stock
Wattsychic Fighting Porter,AGOV-EN085,922,Common,0.29,Out of Stock
Ghostrick Jackfrost,LVAL-EN021,2736,Common,0.29,Out of Stock
Cybernetic Cyclopean,YSKR-EN021,4527,Common,0.29,Out of Stock
Life Extreme,POTE-EN099,1363,Common,0.29,Out of Stock
Gagaga Gardna,NUMH-EN021,4450,Super Rare,0.49,Out of Stock
Shared Ride,LVAL-EN070,1993,Secret Rare,10.09,Out of Stock
Gimmick Puppet Nightmare,NUMH-EN009,796,Super Rare,0.99,Out of Stock
Number 44: Sky Pegasus,NUMH-EN028,4289,Secret Rare,3.09,Out of Stock
Zombina,COTD-EN033,1125,Common,0.29,Out of Stock
Satellite Cannon,SDCR-EN012,4464,Common,0.49,Out of Stock
The First Monarch,LVAL-EN089,1993,Secret Rare,1.09,Out of Stock
Trickstar Lilybell,COTD-EN006,2798,Rare,0.69,Out of Stock
"Gwenhwyfar, Queen of Noble Arms",LVAL-EN086,4177,Secret Rare,5.79,Out of Stock
Magicalized Duston Mop,SHSP-EN069,4555,Common,0.29,Out of Stock
Armored Kappa,SHSP-EN097,4555,Super Rare,1.69,Out of Stock
Hugin the Runick Wings,TAMA-EN037,964,Ultra Rare,2.69,Out of Stock
Stars Align Above the Shrine,AGOV-EN061,922,Common,0.29,Out of Stock
Vanguard of the Underground Emperor,POTE-EN081,586,Common,0.29,Out of Stock
Rose Papillon,AGOV-EN093,586,Common,0.29,Out of Stock
Overlay Booster,LVAL-EN006,271,Common,0.29,Out of Stock
Mighty Warrior,LVAL-EN096,4478,Common,0.39,Out of Stock
Polymerization,DPYG-EN020,271,Super Rare,3.09,Out of Stock
Gorgonic Ghoul,LVAL-EN013,4261,Common,0.29,Out of Stock
Bujintei Tsukuyomi,LVAL-EN054,3218,Ultra Rare,0.69,Out of Stock
Abominable Unchained Soul,VASM-EN051,894,Rare,0.39,Out of Stock
Rank-Down-Magic Numeron Fall,LVAL-EN060,4478,Rare,0.39,Out of Stock
March of the Dark Brigade,COTD-EN059,3190,Ultra Rare,0.59,Out of Stock
Discordance of the Tistina,AGOV-EN092,922,Common,0.29,Out of Stock
Baby Raccoon Tantan,SHSP-EN015,4261,Common,0.29,Out of Stock
Rush Recklessly,YSKR-EN031,1104,Common,0.49,Out of Stock
Danger! Chupacabra!,SDCK-EN023,236,Common,0.29,Out of Stock
Silent Swordsman LV5,YSYR-EN018,3512,Common,0.28,Out of Stock
Sweet Roommaid,AGOV-EN097,586,Common,0.29,Out of Stock
Lightforce Sword,DPYG-EN029,1104,Common,0.29,Out of Stock
Gemini Elf,YSYR-EN006,538,Common,1.29,Out of Stock
Inferno Fire Blast,LEDU-EN007,2126,Common,0.29,Out of Stock
Ghostrick Mansion,SHSP-EN062,4261,Common,0.39,Out of Stock
Honest,VASM-EN046,320,Rare,0.39,Out of Stock
Labrynth Labyrinth,TAMA-EN021,964,Super Rare,0.49,Out of Stock
Centur-Ion Bonds,VASM-EN022,586,Super Rare,0.49,Out of Stock
Gorgonic Gargoyle,LVAL-EN012,4261,Common,0.29,Out of Stock
Hydralander Orbit,POTE-EN039,586,Common,0.29,Out of Stock
Eka the Flame Buddy,POTE-EN034,964,Super Rare,0.49,Out of Stock
Threatening Roar,YSKR-EN046,2630,Common,1.29,Out of Stock
Mementoal Tecuhtlica - Combined Creation,VASM-EN001,19,Quarter Century Secret Rare,44.29,Out of Stock
Morphtronic Telefon,POTE-EN093,1363,Common,0.29,Out of Stock
Vernusylph of the Flowering Fields,POTE-EN018,1363,Common,0.29,Out of Stock
Baby Raccoon Ponpoko,SHSP-EN014,1015,Common,0.29,Out of Stock
Cyberdark Horn,LEDU-EN026,1503,Common,0.49,Out of Stock
"Celestia, Lightsworn Angel",LART-EN036,796,Ultra Rare,2.99,Out of Stock
Amazoness Onslaught,LEDU-EN011,502,Rare,0.69,Out of Stock
Megaroid City,LEDU-EN031,2126,Rare,0.39,Out of Stock
Puppet Plant,YSKR-EN022,805,Common,0.29,Out of Stock
Limiter Removal,SDCR-EN023,586,Common,0.29,Out of Stock
Red Reign,SDCK-EN035,950,Common,0.29,Out of Stock
Red Warg,SDCK-EN012,950,Common,0.29,Out of Stock
Horus the Black Flame Dragon LV4,YSKR-EN019,4527,Common,1.09,Out of Stock
Absolute King Back Jack,SDCK-EN016,383,Common,0.29,Out of Stock
Swords at Dawn,SHSP-EN066,4177,Rare,0.39,Out of Stock
Cracking Dragon,COTD-EN014,2798,Super Rare,0.49,Out of Stock
Resonator Command,SDCK-EN029,950,Common,0.29,Out of Stock
Vaalmonica Intonare,VASM-EN038,894,Super Rare,0.49,Out of Stock
Ghostrick Scare,SHSP-EN074,4261,Common,0.49,Out of Stock
T.G. All Clear,AGOV-EN050,922,Super Rare,0.49,Out of Stock
"Gaia Saber, the Lightning Shadow",COTD-EN051,2392,Secret Rare,0.99,Out of Stock
"Puralis, the Purple Pyrotile",SHSP-EN057,4555,Rare,0.39,Out of Stock
Vampire Grace,SHSP-EN031,1454,Common,0.29,Out of Stock
Widespread Ruin,YSKR-EN045,966,Common,0.69,Out of Stock
Tribute to the Doomed,YSKR-EN030,1104,Common,0.39,Out of Stock
Interplanetarypurplythorny Dragon,YSKR-EN027,3477,Common,0.29,Out of Stock
Ghostrick Witch,SHSP-EN018,4261,Common,0.39,Out of Stock
Nightmell the Dark Bonder,POTE-EN038,964,Common,0.29,Out of Stock
Brain Control,DPYG-EN024,315,Common,0.59,Out of Stock
Supreme King Dragon Odd-Eyes,COTD-EN015,831,Rare,0.39,Out of Stock
Gillagillancer,LVAL-EN003,4261,Common,0.29,Out of Stock
"Celestial Wolf Lord, Blue Sirius",SHSP-EN090,4261,Ultra Rare,0.59,Out of Stock
Night Papilloperative,NUMH-EN048,4674,Super Rare,0.49,Out of Stock
Performapal Trumpanda,COTD-EN095,3190,Common,0.29,Out of Stock
Green Gadget,DPYG-EN012,586,Common,0.29,Out of Stock
Returned of the Tistina,AGOV-EN087,922,Common,0.29,Out of Stock
White Duston,LVAL-EN001,4478,Common,0.79,Out of Stock
"Tistina, the Divinity that Defies Darkness",AGOV-EN089,922,Ultra Rare,0.49,Out of Stock
Blade Knight,YSKR-EN018,789,Common,0.89,Out of Stock
Malevolent Catastrophe,SDCR-EN034,502,Common,0.49,Out of Stock
Bujintei Kagutsuchi,SHSP-EN053,4261,Ultra Rare,4.39,Out of Stock
Backup Secretary,COTD-EN002,1839,Common,0.29,Out of Stock
Mythic Water Dragon,SHSP-EN011,4261,Common,0.59,Out of Stock
Secret Sanctuary of the Spellcasters,SHSP-EN095,4555,Rare,0.49,Out of Stock
Tackle Crusader,LVAL-EN043,1839,Common,0.49,Out of Stock
Heavy Storm Duster,COTD-EN076,1895,Super Rare,0.49,Out of Stock
Opticlops,YSKR-EN005,1980,Common,0.29,Out of Stock
Gravekeeper's Oracle,LVAL-EN034,502,Ultra Rare,1.79,Out of Stock
Noble Arms - Excaliburn,SHSP-EN088,4177,Super Rare,2.09,Out of Stock
Cyberdark Keel,LEDU-EN028,1503,Common,0.29,Out of Stock
Startling Stare of the Snake-Eyes,AGOV-EN075,586,Common,0.29,Out of Stock
Centur-Ion Trudea,VASM-EN017,586,Ultra Rare,8.99,Out of Stock
Bujingi Boar,SHSP-EN025,4261,Common,0.29,Out of Stock
Genomix Fighter,SHSP-EN039,4261,Ultra Rare,0.49,Out of Stock
Mystical Space Typhoon,SDCR-EN026,19,Common,0.39,Out of Stock
Bearblocker,TAMA-EN050,1342,Rare,0.39,Out of Stock
Ghostrick Vanish,SHSP-EN073,4261,Common,0.29,Out of Stock
Intrigue Shield,SHSP-EN072,4289,Common,0.29,Out of Stock
Full Armored Dark Knight Lancer,AGOV-EN041,586,Quarter Century Secret Rare,28.99,Out of Stock
Norito the Moral Leader,NUMH-EN039,2861,Secret Rare,1.39,Out of Stock
Blue Duston,SHSP-EN045,4555,Common,0.29,Out of Stock
Rage of Kairyu-Shin,LEDU-EN017,1412,Rare,0.39,Out of Stock
Battlin' Boxing Spirits,SHSP-EN060,992,Super Rare,0.59,Out of Stock
Overlay Sentinel,LVAL-EN005,4478,Common,0.29,Out of Stock
Exchange,DPYG-EN021,978,Rare,0.39,Out of Stock
Number Wall,NUMH-EN058,4674,Secret Rare,1.29,Out of Stock
Vanquish Soul Jiaolong,AGOV-EN018,922,Quarter Century Secret Rare,60.99,Out of Stock
Sylvan Peaskeeper,LVAL-EN015,4261,Rare,0.39,Out of Stock
Morphtronic Scannen,POTE-EN095,1363,Common,0.29,Out of Stock
Gimmick Puppet Scissor Arms,NUMH-EN008,4674,Super Rare,1.29,Out of Stock
King's Sarcophagus,AGOV-EN058,96,Ultra Rare,2.09,Out of Stock
"Loris, Lady of Lament",POTE-EN092,586,Super Rare,0.49,Out of Stock
Twin-Headed Behemoth,YSKR-EN013,1148,Common,0.29,Out of Stock
Cosmic Cyclone,TAMA-EN053,705,Rare,0.39,Out of Stock
Melffy Staring Contest,POTE-EN063,964,Super Rare,0.49,Out of Stock
Divine Dragon Knight Felgrand,SHSP-EN056,4261,Secret Rare,14.99,Out of Stock
Magical King Moonstar,SDCK-EN015,950,Common,0.29,Out of Stock
Trickstar Light Stage,COTD-EN053,586,Ultra Rare,0.69,Out of Stock
Dark Honest,VASM-EN047,894,Rare,0.39,Out of Stock
Ib the World Chalice Priestess,COTD-EN048,2798,Super Rare,0.49,Out of Stock
Bujingi Crow,SHSP-EN023,4261,Rare,0.39,Out of Stock
Red-Eyes Retro Dragon,LEDU-EN005,2126,Common,0.49,Out of Stock
Stronghold the Moving Fortress,DPYG-EN030,2449,Common,0.29,Out of Stock
Soul Taker,YSYR-EN036,3820,Common,0.69,Out of Stock
Crimson Gaia,SDCK-EN026,19,Common,0.99,Out of Stock
Exosister Martha,POTE-EN025,964,Starlight Rare,124.99,Out of Stock
Ignoble Knight of High Laundsallyn,SHSP-EN086,4177,Secret Rare,3.79,Out of Stock
Sylvan Blessing,LVAL-EN073,4261,Common,0.29,Out of Stock
Princess Cologne,NUMH-EN050,1454,Secret Rare,0.99,Out of Stock
Imperial Tombs of Necrovalley,LVAL-EN076,1993,Secret Rare,1.89,Out of Stock
Cyberdark Cannon,LEDU-EN022,761,Rare,0.49,Out of Stock
Red Dragon Archfiend,SDCK-EN045,586,Ultra Rare,1.69,Out of Stock
Kidmodo Dragon,SHSP-EN094,3491,Super Rare,1.39,Out of Stock
Mad Dog of Darkness,YSKR-EN009,1104,Common,0.29,Out of Stock
Dragon Shield,SHSP-EN061,4555,Common,0.29,Out of Stock
Poissonniere de Nouvelles,AGOV-EN019,922,Super Rare,0.59,Out of Stock
Storming Wynn,LART-EN038,1601,Ultra Rare,2.49,Out of Stock
Riryoku,LEDU-EN047,1297,Common,0.59,Out of Stock
Proto-Cyber Dragon,SDCR-EN005,1503,Common,0.29,Out of Stock
Runick Allure,TAMA-EN028,964,Rare,0.39,Out of Stock
Pitknight Filly,AGOV-EN084,586,Common,0.29,Out of Stock
Cyberdark Realm,SDCS-EN023,1657,Ultra Rare,0.79,Out of Stock
Magicians Unite,YSYR-EN035,2588,Common,0.29,Out of Stock
D.D.R. - Different Dimension Reincarnation,SDCR-EN025,1909,Common,0.69,Out of Stock
Snake-Eyes Flamberge Dragon,AGOV-EN010,538,Quarter Century Secret Rare,18.09,Out of Stock
Survival of the Fittest,SHSP-EN079,3302,Common,0.29,Out of Stock
Emblema Oath,VASM-EN021,586,Ultra Rare,24.09,Out of Stock
Emperor Tanuki's Critter Count,POTE-EN037,586,Super Rare,0.49,Out of Stock
Vivid Knight,SHSP-EN099,4555,Rare,0.39,Out of Stock
Sinful Spoils of Doom - Rciela,AGOV-EN055,586,Common,0.29,Out of Stock
Green Gadget,YSYR-EN019,586,Common,0.29,Out of Stock
Battlin' Boxing Spirits,SHSP-EN060,992,Super Rare,0.79,Out of Stock
Red Gadget,DPYG-EN013,586,Common,0.29,Out of Stock
Ghostrick Witch,SHSP-EN018,4261,Common,0.39,Out of Stock
Snake-Eye Oak,AGOV-EN008,586,Super Rare,0.49,Out of Stock
Rescue Ferret,COTD-EN029,2756,Secret Rare,0.99,Out of Stock
Tearlaments Merrli,POTE-EN012,1176,Common,0.29,Out of Stock
Veda Kalarcanum,AGOV-EN005,922,Super Rare,0.49,Out of Stock
Des Mosquito,YSKR-EN023,4527,Common,0.29,Out of Stock
Vampire Kingdom,SHSP-EN064,1454,Common,0.29,Out of Stock
S:P Little Knight,AGOV-EN046,47,Secret Rare,10.99,Out of Stock
Diffusion Wave-Motion,DPYG-EN023,2588,Common,0.29,Out of Stock
Ghost Sister & Spooky Dogwood,VASM-EN043,173,Rare,0.39,Out of Stock
Bujingi Pavo,LVAL-EN083,4261,Super Rare,0.49,Out of Stock
Gorgonic Golem,LVAL-EN011,4261,Common,0.29,Out of Stock
Gouki Riscorpio,COTD-EN011,2798,Rare,0.39,Out of Stock
"Lumina, Twilightsworn Shaman",LART-EN047,411,Ultra Rare,1.09,Out of Stock
Pot of Dichotomy,SHSP-EN065,3491,Secret Rare,4.09,Out of Stock
Archfiend's Ghastly Glitch,TAMA-EN026,964,Super Rare,0.49,Out of Stock
Heraldry Record,NUMH-EN059,4674,Super Rare,0.49,Out of Stock
Droll & Lock Bird,TAMA-EN047,173,Rare,1.39,Out of Stock
Electric Virus,YSYR-EN022,805,Common,0.59,Out of Stock
Therion Irregular,POTE-EN009,964,Ultra Rare,0.49,Out of Stock
Mementotlan Bone Back,VASM-EN010,894,Rare,0.39,Out of Stock
Number 65: Djinn Buster,SHSP-EN047,1041,Rare,0.49,Out of Stock
Baby Raccoon Tantan,SHSP-EN015,4261,Common,0.29,Out of Stock
Vaalmonica Chosen Melody,VASM-EN040,894,Super Rare,0.49,Out of Stock
Draco Berserker of the Tenyi,VASM-EN026,894,Rare,0.39,Out of Stock
Kurikara Divincarnate,POTE-EN031,19,Starlight Rare,68.99,Out of Stock
Snake-Eyes Flamberge Dragon,AGOV-EN010,538,Secret Rare,0.99,Out of Stock
Gogogo Giant,NUMH-EN020,2294,Super Rare,0.49,Out of Stock
Gravekeeper's Ambusher,LVAL-EN032,2588,Common,0.29,Out of Stock
"Mariña, Princess of Sunflowers",SHSP-EN040,2218,Super Rare,0.49,Out of Stock
Shinobaroness Shade Peacock,AGOV-EN028,922,Common,0.29,Out of Stock
The Legendary Fisherman II,LEDU-EN015,978,Super Rare,1.19,Out of Stock
Sylvan Guardioak,LVAL-EN019,4261,Common,0.29,Out of Stock
Battle Fader,SDCK-EN010,950,Common,0.29,Out of Stock
Spellbinding Circle,YSYR-EN041,1104,Common,0.59,Out of Stock
Loka Samsara,AGOV-EN073,586,Common,0.29,Out of Stock
The Legendary Fisherman,LART-EN020,978,Ultra Rare,5.39,Out of Stock
Dark Blade,YSYR-EN007,1980,Common,0.29,Out of Stock
Sinful Spoils of Betrayal - Silvera,AGOV-EN074,586,Super Rare,0.49,Out of Stock
Dragonic Tactics,YSKR-EN040,2973,Common,0.29,Out of Stock
Number 46: Dragluon,SHSP-EN050,4555,Super Rare,13.19,Out of Stock
Instant Contact,POTE-EN052,586,Secret Rare,1.99,Out of Stock
Summoned Skull,DPYG-EN002,538,Super Rare,3.39,Out of Stock
Ghostrick Dullahan,LVAL-EN053,1454,Rare,0.39,Out of Stock
Noble Knight Borz,SHSP-EN085,1015,Super Rare,0.79,Out of Stock
Bujingi Hare,LVAL-EN030,4261,Super Rare,3.39,Out of Stock
"Celestial Wolf Lord, Blue Sirius",SHSP-EN090,4261,Ultra Rare,0.49,Out of Stock
Ghostrick Ghoul,SHSP-EN000,4261,Super Rare,1.29,Out of Stock
Obedience Schooled,LVAL-EN088,271,Super Rare,1.19,Out of Stock
Lovely Labrynth of the Silver Castle,TAMA-EN014,19,Ultra Rare,0.99,Out of Stock
Three of a Kind,SDCR-EN031,4464,Common,0.29,Out of Stock
Full-Armored Xyz,AGOV-EN071,586,Common,0.29,Out of Stock
Number C65: King Overfiend,SHSP-EN048,4555,Rare,0.59,Out of Stock
Supreme King Dragon Starving Venom,COTD-EN038,3127,Rare,0.49,Out of Stock
Melffy Wally,POTE-EN022,586,Common,0.29,Out of Stock
Skelesaurus,SHSP-EN037,3302,Common,0.29,Out of Stock
Shinobaron Shade Peacock,AGOV-EN029,922,Common,0.29,Out of Stock
F.A. Circuit Grand Prix,COTD-EN088,2798,Common,0.29,Out of Stock
Cyber Dragon Nachster,SDCS-EN007,1657,Common,0.29,Out of Stock
"Lyla, Twilightsworn Enchantress",COTD-EN025,2798,Super Rare,0.49,Out of Stock
CXyz Battleship Cherry Blossom,NUMH-EN044,4674,Secret Rare,0.99,Out of Stock
Cyber Network,SDCR-EN029,1503,Common,0.29,Out of Stock
Cyber Dinosaur,SDCR-EN009,3127,Common,0.29,Out of Stock
Red Nova Dragon,SDCK-EN046,-9,Common,0.29,Out of Stock
Revendread Slayer,COTD-EN082,3071,Rare,0.79,Out of Stock
Geri the Runick Fangs,TAMA-EN039,964,Super Rare,0.49,Out of Stock
Vanquish Soul Jiaolong,AGOV-EN018,922,Ultra Rare,20.99,Out of Stock
Exosister Returnia,POTE-EN076,964,Super Rare,0.59,Out of Stock
Asset Mountis,AGOV-EN083,586,Common,0.29,Out of Stock
Parry Knights,COTD-EN037,2798,Common,0.29,Out of Stock
Sylvan Flowerknight,LVAL-EN018,4261,Super Rare,0.59,Out of Stock
Jack's Knight,DPYG-EN004,502,Common,0.29,Out of Stock
Mementomictlan,VASM-EN008,586,Rare,0.39,Out of Stock
Number 49: Fortune Tune,NUMH-EN029,1755,Secret Rare,3.79,Out of Stock
Mecha Phantom Beast Sabre Hawk,SHSP-EN027,4261,Common,0.29,Out of Stock
Morphtronic Earfon,POTE-EN096,1300,Common,0.29,Out of Stock
Supreme King Dragon Dark Rebellion,COTD-EN041,831,Rare,0.39,Out of Stock
Vampire Takeover,SHSP-EN075,1454,Super Rare,0.49,Out of Stock
Centur-Ion Legatia,VASM-EN019,586,Ultra Rare,3.89,Out of Stock
Synkron Resonator,SDCK-EN006,950,Common,0.39,Out of Stock
Dark Artist,LVAL-EN090,4478,Common,0.29,Out of Stock
Three Strikes Barrier,COTD-EN067,2798,Common,0.29,Out of Stock
Labradorite Dragon,SHSP-EN001,2448,Super Rare,4.59,Out of Stock
Branded in Central Dogmatika,POTE-EN058,586,Common,0.29,Out of Stock
Absolute King Back Jack,TAMA-EN048,383,Rare,0.39,Out of Stock
Quick Booster,TAMA-EN052,1342,Rare,0.39,Out of Stock
Cyber Dragon Herz,SDCS-EN009,1657,Super Rare,0.49,Out of Stock
Trap Hole,YSKR-EN042,538,Common,0.29,Out of Stock
Invader of Darkness,TAMA-EN046,502,Rare,0.39,Out of Stock
"Lumina, Twilightsworn Shaman",COTD-EN026,411,Secret Rare,0.99,Out of Stock
Vaalmonica Scelta,VASM-EN036,894,Ultra Rare,4.09,Out of Stock
Saion the Vaylantz Archer,TAMA-EN002,1342,Rare,0.39,Out of Stock
Amazoness Call,LEDU-EN010,502,Rare,0.69,Out of Stock
Samurai Skull,COTD-EN081,2798,Common,0.39,Out of Stock
Farewelcome Labrynth,TAMA-EN024,964,Rare,0.39,Out of Stock
Treasure Panda,COTD-EN032,2798,Common,0.29,Out of Stock
Mobius the Mega Monarch,LVAL-EN040,3974,Secret Rare,4.39,Out of Stock
Burning Dragon,AGOV-EN094,586,Super Rare,0.49,Out of Stock
Gagagatag,SHSP-EN059,4261,Common,0.29,Out of Stock
Zombowwow,NUMH-EN014,4674,Super Rare,0.49,Out of Stock
Cursed Bride Doll,AGOV-EN026,922,Common,0.29,Out of Stock
Divine Dragon Knight Felgrand,SHSP-EN056,4261,Ghost Rare,37.69,Out of Stock
Beckoned by the World Chalice,COTD-EN020,2798,Common,0.29,Out of Stock
Big Shield Gardna,DPYG-EN009,502,Common,0.29,Out of Stock
"Gaia Prominence, the Fierce Force",AGOV-EN033,922,Common,0.29,Out of Stock
Runick Smiting Storm,TAMA-EN036,964,Rare,0.39,Out of Stock
Ancient Gear Golem - Ultimate Pound,COTD-EN099,2126,Common,0.29,Out of Stock
UFOLight,AGOV-EN021,586,Common,0.29,Out of Stock
Fiendish Chain,SDCK-EN037,950,Common,0.29,Out of Stock
Bujingi Raven,SHSP-EN081,4261,Rare,0.39,Out of Stock
Scarred Dragon Archfiend,SDCK-EN049,19,Super Rare,0.69,Out of Stock
Photon Lizard,NUMH-EN023,4450,Super Rare,0.49,Out of Stock
Spright Pixies,POTE-EN005,677,Common,0.29,Out of Stock
Gouki Re-Match,COTD-EN054,236,Super Rare,0.49,Out of Stock
Jack Wyvern,COTD-EN013,2798,Common,0.29,Out of Stock
Xyz Armor Fortress,AGOV-EN040,922,Super Rare,0.79,Out of Stock
Ghostrick Vanish,SHSP-EN073,4261,Common,0.29,Out of Stock
World Legacy Landmark,COTD-EN071,2798,Common,0.29,Out of Stock
Auram the World Chalice Blademaster,COTD-EN049,3190,Super Rare,0.49,Out of Stock
Bujingi Boar,SHSP-EN025,4261,Common,0.29,Out of Stock
Mementotlan Fracture Dance,VASM-EN011,894,Rare,0.39,Out of Stock
Launcher Commander,COTD-EN004,2798,Common,0.29,Out of Stock
Gogogo Aristera & Dexia,COTD-EN092,2798,Common,0.29,Out of Stock
Leotaur,LEDU-EN045,3155,Common,0.29,Out of Stock
Red-Eyes Baby Dragon,LEDU-EN001,978,Ultra Rare,11.39,Out of Stock
Propa Gandake,POTE-EN035,964,Common,0.29,Out of Stock
Amazoness Swords Woman,LEDU-EN013,502,Common,0.39,Out of Stock
Vampire Hunter,SHSP-EN034,1125,Super Rare,1.79,Out of Stock
Pumprincess the Princess of Ghosts,SHSP-EN032,978,Common,0.29,Out of Stock
Break Off Trap Hole,COTD-EN075,2630,Super Rare,0.49,Out of Stock
Archfiend Giant,SHSP-EN083,4261,Rare,0.39,Out of Stock
"The Most Distant, Deepest Depths",POTE-EN090,1363,Common,0.29,Out of Stock
"Digvorzhak, King of Heavy Industry",YCSW-EN005,2595,Ultra Rare,899.99,Out of Stock
Red Supernova Dragon,SDCK-EN044,950,Super Rare,0.48,Out of Stock
Assault Beast,SDCK-EN018,950,Common,0.39,Out of Stock
Sphere Kuriboh,LEDU-EN043,978,Common,0.29,Out of Stock
Shadow Vampire,SHSP-EN030,1454,Secret Rare,1.09,Out of Stock
Trickstar Candina,COTD-EN008,2798,Ultra Rare,3.39,Out of Stock
Risebell the Star Psycher,SHSP-EN044,4261,Common,0.29,Out of Stock
A Legendary Ocean,LEDU-EN021,978,Common,0.29,Out of Stock
Gravekeeper's Nobleman,LVAL-EN031,4261,Ultra Rare,4.99,Out of Stock
Giganticastle,SHSP-EN058,4555,Rare,0.39,Out of Stock
Bujin Mikazuchi,SHSP-EN022,4261,Ultra Rare,1.79,Out of Stock
Armed Protector Dragon,SHSP-EN012,1195,Common,0.29,Out of Stock
Spright Gamma Burst,POTE-EN056,677,Common,0.29,Out of Stock
White Dragon Wyverburster,SHSP-EN093,383,Common,0.29,Out of Stock
Blue-Eyes White Dragon,YSKR-EN001,19,Common,0.79,Out of Stock
Old Vindictive Magician,YSYR-EN014,978,Common,0.59,Out of Stock
Elemental HERO Spirit of Neos,POTE-EN001,236,Super Rare,0.49,Out of Stock
White Duston,LVAL-EN001,4478,Common,0.49,Out of Stock
Mannadium Trisukta,AGOV-EN037,922,Ultra Rare,1.19,Out of Stock
Wandering King Wildwind,SDCK-EN013,950,Common,0.29,Out of Stock
Ghostrick Jackfrost,LVAL-EN021,2736,Common,0.39,Out of Stock
Blind Obliteration,COTD-EN079,3190,Rare,0.39,Out of Stock
"Digvorzhak, King of Heavy Industry",YCSW-EN005,2595,Super Rare,1649.99,Out of Stock
Polymerization,LOB-EN059,271,Super Rare,1.79,Out of Stock
Battle Warrior,NUMH-EN025,3694,Super Rare,0.69,Out of Stock
Vaylantz Dominator Duke,TAMA-EN008,1342,Rare,0.39,Out of Stock
T.G. Glaive Blaster,AGOV-EN036,922,Quarter Century Secret Rare,7.79,Out of Stock
Armed Protector Dragon,SHSP-EN012,1195,Common,0.29,Out of Stock
T.G. Glaive Blaster,AGOV-EN036,922,Ultra Rare,0.49,Out of Stock
Photon Alexandra Queen,NUMH-EN047,4674,Secret Rare,0.99,Out of Stock
Labrynth Stovie Torbie,TAMA-EN019,916,Rare,0.39,Out of Stock
The Light - Hex-Sealed Fusion,SDCR-EN017,4464,Common,0.59,Out of Stock
Tearlaments Scheiren,POTE-EN014,1363,Super Rare,2.69,Out of Stock
Vaalmonica Versare,VASM-EN037,894,Super Rare,0.49,Out of Stock
Branded Expulsion,POTE-EN070,964,Common,0.29,Out of Stock
Runick Destruction,TAMA-EN031,964,Super Rare,0.49,Out of Stock
Cyber Twin Dragon,SDCR-EN037,2770,Ultra Rare,0.89,Out of Stock
Waboku,YSYR-EN039,502,Common,0.69,Out of Stock
Gimmick Puppet Gear Changer,NUMH-EN006,4674,Super Rare,0.49,Out of Stock
Dark Magician,YSYR-EN001,19,Common,0.59,Out of Stock
Mimesis Elephant,POTE-EN085,586,Common,0.29,Out of Stock
Baby Raccoon Ponpoko,SHSP-EN014,1015,Common,0.29,Out of Stock
Vampire Takeover,SHSP-EN075,1454,Super Rare,0.49,Out of Stock
Light of Redemption,SDCR-EN027,4464,Common,0.29,Out of Stock
BIG Win!?,SHSP-EN080,4555,Common,0.29,Out of Stock
Malicevorous Knife,SHSP-EN005,4261,Common,0.29,Out of Stock
Sacred Noble Knight of King Artorigus,SHSP-EN087,4177,Ultra Rare,4.89,Out of Stock
"Puralis, the Purple Pyrotile",SHSP-EN057,4555,Rare,0.39,Out of Stock
Number C65: King Overfiend,SHSP-EN048,4555,Rare,0.59,Out of Stock
Xyz Entrust,AGOV-EN051,586,Common,0.29,Out of Stock
Supreme King Gate Magician,AGOV-EN001,922,Super Rare,1.59,Out of Stock
Vorse Raider,YSKR-EN010,789,Common,0.29,Out of Stock
Ghostrick-Go-Round,LVAL-EN074,4261,Rare,0.99,Out of Stock
Duelist Alliance,TAMA-EN055,1342,Rare,0.39,Out of Stock
CXyz Comics Hero Legend Arthur,NUMH-EN042,4674,Secret Rare,0.99,Out of Stock
Don Zaloog,LART-EN044,861,Ultra Rare,6.39,Out of Stock
Number 54: Lion Heart,NUMH-EN026,796,Secret Rare,1.49,Out of Stock
Chronomaly Winged Sphinx,LVAL-EN009,4261,Common,0.29,Out of Stock
Bujin Arasuda,LVAL-EN026,4261,Ultra Rare,1.09,Out of Stock
"Nephilabyss, the Ogdoadic Overlord",AGOV-EN016,922,Super Rare,0.49,Out of Stock
Tarai,AGOV-EN024,586,Common,0.29,Out of Stock
Spellbook of Knowledge,COTD-EN062,96,Ultra Rare,0.99,Out of Stock
Infernal Flame Banshee,AGOV-EN043,586,Ultra Rare,2.79,Out of Stock
Performage Trick Clown,VASM-EN042,894,Rare,0.39,Out of Stock
Ghostrick Museum,LVAL-EN064,4261,Common,0.39,Out of Stock
Burst Rebirth,SHSP-EN070,4555,Rare,0.39,Out of Stock
Gillagillancer,LVAL-EN003,4261,Common,0.29,Out of Stock
Ariane the Labrynth Servant,TAMA-EN016,964,Ultra Rare,1.29,Out of Stock
Shard of Greed,YSKR-EN041,1511,Common,0.69,Out of Stock
Gen the Diamond Tiger,AGOV-EN082,586,Common,0.29,Out of Stock
T.G. Rocket Salamander,AGOV-EN003,586,Quarter Century Secret Rare,13.49,Out of Stock
Tainted of the Tistina,AGOV-EN088,922,Ultra Rare,0.49,Out of Stock
Dragard,SHSP-EN092,4555,Super Rare,0.59,Out of Stock
T.G. Limiter Removal,AGOV-EN049,922,Secret Rare,0.99,Out of Stock
Labrynth Archfiend,TAMA-EN015,964,Rare,0.39,Out of Stock
Yellow Gadget,DPYG-EN014,586,Common,0.29,Out of Stock
Infernity Patriarch,COTD-EN091,2798,Common,0.29,Out of Stock
"Leo, the Keeper of the Sacred Tree",LVAL-EN058,2756,Rare,0.79,Out of Stock
Meklord Emperor Wisel,VASM-EN049,894,Rare,0.39,Out of Stock
Hydrogeddon,LEDU-EN040,1297,Common,0.29,Out of Stock
Dark Magic Attack,YSYR-EN032,978,Common,0.69,Out of Stock
Gorgonic Gargoyle,LVAL-EN012,4261,Common,0.29,Out of Stock
Dark Hole Dragon,AGOV-EN020,586,Ultra Rare,0.79,Out of Stock
Burst Stream of Destruction,YSKR-EN036,439,Common,0.29,Out of Stock
Spright Carrot,POTE-EN007,1041,Common,0.29,Out of Stock
Runick Freezing Curses,TAMA-EN033,964,Super Rare,0.59,Out of Stock
Twilight Cloth,COTD-EN073,2798,Common,0.29,Out of Stock
Duston Roller,LVAL-EN080,4478,Common,0.39,Out of Stock
Nikitama,LVAL-EN037,4478,Rare,3.19,Out of Stock
Red Gadget,YSYR-EN020,586,Common,0.29,Out of Stock
F.A. Downforce,COTD-EN089,2798,Common,0.29,Out of Stock
Malicevorous Fork,SHSP-EN004,4261,Common,0.29,Out of Stock
Black Dragon Collapserpent,SHSP-EN096,383,Common,0.29,Out of Stock
Ningirsu the World Chalice Warrior,COTD-EN050,2798,Secret Rare,0.99,Out of Stock
Battlin' Boxer Cheat Commissioner,SHSP-EN049,992,Rare,0.39,Out of Stock
Dark Magician,DPYG-EN001,19,Rare,0.49,Out of Stock
Ghoti of the Deep Beyond,POTE-EN000,383,Secret Rare,0.99,Out of Stock
"Vaalmonica, the Agathokakological Voice",VASM-EN035,894,Ultra Rare,3.39,Out of Stock
Stoic Challenge,NUMH-EN055,4674,Super Rare,0.49,Out of Stock
D/D/D Wave High King Caesar,COTD-EN042,325,Super Rare,4.79,Out of Stock
Ghoti Chain,POTE-EN091,1363,Common,0.29,Out of Stock
Synchro Transmission,VASM-EN029,145,Rare,0.39,Out of Stock
Black Dragon Collapserpent,SHSP-EN096,383,Common,0.29,Out of Stock
Mythic Water Dragon,SHSP-EN011,4261,Common,0.29,Out of Stock
Apophis the Swamp Deity,VASM-EN060,236,Rare,0.39,Out of Stock
Reckless Greed,TAMA-EN057,1342,Rare,0.39,Out of Stock
Number C101: Silent Honor DARK,LVAL-EN046,236,Ultra Rare,2.79,Out of Stock
Gorgonic Guardian,LVAL-EN051,4261,Common,0.39,Out of Stock
Offerings to the Doomed,YSKR-EN033,502,Common,0.29,Out of Stock
Supreme Rage,COTD-EN070,831,Common,0.39,Out of Stock
Chain Ignition,SHSP-EN077,4555,Common,0.29,Out of Stock
Wattuna,AGOV-EN015,922,Common,0.29,Out of Stock
Insect Armor with Laser Cannon,NUMH-EN057,2462,Super Rare,0.79,Out of Stock
Bujin Regalia - The Jewel,LVAL-EN075,4261,Common,0.29,Out of Stock
Resonator Call,SDCK-EN028,950,Common,0.29,Out of Stock
Scatter Fusion,POTE-EN062,586,Super Rare,0.49,Out of Stock
Rainbow Kuriboh,LVAL-EN004,2406,Secret Rare,3.29,Out of Stock
Burning Soul,SDCK-EN030,950,Common,0.29,Out of Stock
Unformed Void,NUMH-EN049,4674,Super Rare,0.49,Out of Stock
Ghostrick Nekomusume,LVAL-EN023,4261,Common,0.29,Out of Stock
Mira the Star-Bearer,SHSP-EN091,4555,Common,0.39,Out of Stock
Origami Goddess,AGOV-EN027,586,Common,0.29,Out of Stock
P.U.N.K. JAM Extreme Session,POTE-EN065,320,Super Rare,0.49,Out of Stock
Archlord Kristya,VASM-EN048,894,Rare,0.49,Out of Stock
Diabellstar the Black Witch,AGOV-EN006,237,Secret Rare,5.19,Out of Stock
Mementoal Tecuhtlica - Combined Creation,VASM-EN001,19,Ultra Rare,24.99,Out of Stock
Compulsory Evacuation Device,TAMA-EN044,19,Rare,0.39,Out of Stock
Paladin of Photon Dragon,LVAL-EN045,4478,Rare,0.79,Out of Stock
Malicevorous Knife,SHSP-EN005,4261,Common,0.29,Out of Stock
Return of the Monarchs,SHSP-EN067,3743,Ultra Rare,7.59,Out of Stock
Gorgonic Ghoul,LVAL-EN013,4261,Common,0.29,Out of Stock
Resonator Engine,SDCK-EN027,950,Common,0.29,Out of Stock
The Dragon Dwelling in the Cave,YSKR-EN006,3988,Common,0.29,Out of Stock
Blue Mountain Butterspy,NUMH-EN012,2756,Super Rare,0.49,Out of Stock
Number 64: Ronin Raccoon Sandayu,SHSP-EN051,4261,Rare,2.69,Out of Stock
Rikka Princess,POTE-EN027,964,Common,0.29,Out of Stock
"Askaan, the Bicorned Ghoti",POTE-EN089,1363,Common,0.29,Out of Stock
Chocolate Magician Girl,LART-EN046,1230,Ultra Rare,14.99,Out of Stock
"Jizukiru, the Star Destroying Kaiju",SDCS-EN019,796,Common,0.29,Out of Stock
Chosen by the World Chalice,COTD-EN019,2798,Common,0.29,Out of Stock
"Mariña, Princess of Sunflowers",SHSP-EN040,2218,Super Rare,0.49,Out of Stock
Scapegoat,TAMA-EN043,19,Rare,0.39,Out of Stock
Arias the Labrynth Butler,AGOV-EN017,19,Secret Rare,12.79,Out of Stock
S:P Little Knight,AGOV-EN046,47,Quarter Century Secret Rare,305.89,Out of Stock
Water Dragon Cluster,LEDU-EN036,1297,Super Rare,0.99,Out of Stock
Intrigue Shield,SHSP-EN072,4289,Common,0.29,Out of Stock
Cyber Eltanin,SDCR-EN010,796,Common,0.29,Out of Stock
Vernusylph and the Flower Buds,POTE-EN075,586,Common,0.29,Out of Stock
Breaker the Magical Warrior,YSYR-EN015,502,Common,0.99,Out of Stock
Risebell the Star Psycher,SHSP-EN044,4261,Common,0.29,Out of Stock
ZW - Asura Strike,LVAL-EN002,4478,Rare,0.89,Out of Stock
Call of the Haunted,YSYR-EN042,19,Common,0.29,Out of Stock
Centur-Ion Phalanx,VASM-EN023,236,Super Rare,0.49,Out of Stock
Skilled Dark Magician,YSYR-EN013,756,Common,0.39,Out of Stock
Box of Friends,NUMH-EN013,1454,Secret Rare,0.99,Out of Stock
Labrynth Barrage,TAMA-EN025,964,Super Rare,0.49,Out of Stock
Over Fusion,POTE-EN054,964,Common,0.29,Out of Stock
Arianna the Labrynth Servant,TAMA-EN017,964,Ultra Rare,2.49,Out of Stock
Buster Blader,DPYG-EN007,383,Common,0.29,Out of Stock
Boogie Trap,COTD-EN064,2931,Common,0.29,Out of Stock
Ghostrick Jiangshi,SHSP-EN020,1454,Common,0.29,Out of Stock
Runick Flashing Fire,TAMA-EN030,964,Super Rare,0.59,Out of Stock
Giganticastle,SHSP-EN058,4555,Rare,0.39,Out of Stock
Centur-Ion Emeth VI,VASM-EN018,894,Ultra Rare,3.59,Out of Stock
Terrene Toothed Tsuchinoko,SHSP-EN043,4555,Common,0.29,Out of Stock
Icejade Creation Aegirocassis,POTE-EN010,964,Common,0.29,Out of Stock
Pendulum Switch,TAMA-EN060,1342,Rare,0.39,Out of Stock
Ancient Rules,YSYR-EN034,2973,Common,0.69,Out of Stock
Tearlaments Kitkallos,POTE-EN042,1363,Ultra Rare,5.99,Out of Stock
Aratama,SHSP-EN035,1041,Rare,0.59,Out of Stock
Aussa the Earth Channeler,POTE-EN032,96,Starlight Rare,14.19,Out of Stock
Super Vehicroid - Mobile Base,LEDU-EN030,2126,Super Rare,0.49,Out of Stock
Stand Up Centur-Ion!,VASM-EN020,19,Super Rare,0.49,Out of Stock
The Ascended of Thunder,COTD-EN036,2798,Common,0.39,Out of Stock
Butterspy Protection,NUMH-EN060,4289,Super Rare,0.49,Out of Stock
Earthbound Servant Geo Gremlina,AGOV-EN031,586,Common,0.29,Out of Stock
Cyber Dragon Zwei,SDCR-EN004,1657,Common,0.29,Out of Stock
Number C96: Dark Storm,SHSP-EN046,4555,Super Rare,0.99,Out of Stock
Burst Rebirth,SHSP-EN070,4555,Rare,0.39,Out of Stock
Bujingi Peacock,LVAL-EN027,4261,Rare,0.39,Out of Stock
Sylvan Marshalleaf,LVAL-EN017,4261,Ultra Rare,4.19,Out of Stock
Supreme King Dragon Clear Wing,COTD-EN039,831,Rare,0.49,Out of Stock
Original Sinful Spoils - Snake-Eye,AGOV-EN057,586,Quarter Century Secret Rare,30.69,Out of Stock
Gagagatag,SHSP-EN059,4261,Common,0.29,Out of Stock
Junk Breaker,COTD-EN090,2798,Common,0.39,Out of Stock
Bujin Regalia - The Mirror,SHSP-EN063,4261,Rare,0.39,Out of Stock
Summoner Monk,VASM-EN025,894,Rare,0.39,Out of Stock
Ken the Warrior Dragon,AGOV-EN081,586,Common,0.29,Out of Stock
Red Dragon Archfiend/Assault Mode,SDCK-EN017,950,Common,0.29,Out of Stock
Morphtronic Converter,POTE-EN098,964,Common,0.29,Out of Stock
Red Arrows,AGOV-EN096,586,Common,0.29,Out of Stock
Divine Temple of the Snake-Eye,AGOV-EN056,586,Quarter Century Secret Rare,16.99,Out of Stock
Swarm of Crows,SHSP-EN042,4555,Rare,0.39,Out of Stock
Wings of Light,AGOV-EN048,922,Super Rare,0.59,Out of Stock
"World Legacy - ""World Chalice""",COTD-EN023,2798,Rare,0.39,Out of Stock
Mount Sylvania,LVAL-EN063,4261,Super Rare,1.29,Out of Stock
Albaz the Ashen,POTE-EN011,964,Super Rare,0.49,Out of Stock
Evolution Burst,SDCR-EN020,1510,Common,0.29,Out of Stock
Stack Reviver,COTD-EN003,2798,Common,0.29,Out of Stock
Number 57: Tri-Head Dust Dragon,NUMH-EN030,4674,Secret Rare,1.69,Out of Stock
Tearlaments Havnis,POTE-EN013,1176,Common,0.29,Out of Stock
Gash the Dust Lord,NUMH-EN015,4674,Super Rare,0.49,Out of Stock
Black Brachios,LVAL-EN038,1503,Common,0.29,Out of Stock
Vendread Reorigin,COTD-EN085,2798,Secret Rare,0.99,Out of Stock
Number 101: Silent Honor ARK,LVAL-EN047,383,Ultra Rare,3.89,Out of Stock
Ghostrick Yeti,LVAL-EN082,2736,Common,0.29,Out of Stock
CXyz Mechquipped Djinn Angeneral,NUMH-EN036,4674,Super Rare,0.49,Out of Stock
Noble Knight Peredur,LVAL-EN085,4177,Super Rare,0.59,Out of Stock
Mistake,SHSP-EN076,1993,Secret Rare,2.39,Out of Stock
Soul Exchange,YSKR-EN029,789,Common,0.29,Out of Stock
Bujingi Swallow,LVAL-EN028,4261,Common,0.29,Out of Stock
Cyberdark Chimera,SDCS-EN002,1657,Ultra Rare,0.49,Out of Stock
Thousand Knives,YSYR-EN031,824,Common,0.59,Out of Stock
Spright Elf,POTE-EN049,1363,Ultra Rare,6.79,Out of Stock
Catapult Turtle,DPYG-EN006,1104,Common,0.29,Out of Stock
Vendread Houndhorde,COTD-EN000,3190,Rare,0.79,Out of Stock
Super Polymerization,SDCR-EN021,19,Common,2.79,Out of Stock
Anti-Spell Fragrance,TAMA-EN056,705,Rare,0.39,Out of Stock
Destiny HERO - Destroyer Phoenix Enforcer,POTE-EN100,236,Starlight Rare,188.29,Out of Stock
Ogdoadic Daybreak,AGOV-EN063,586,Common,0.29,Out of Stock
Danger! Nessie!,SDCK-EN022,19,Common,0.29,Out of Stock
Baby Tiragon,NUMH-EN051,4674,Super Rare,0.49,Out of Stock
Mistake,SHSP-EN076,1993,Secret Rare,3.59,Out of Stock
Kaiser Sea Horse,YSKR-EN016,1297,Common,0.39,Out of Stock
Ghostrick Specter,SHSP-EN017,1454,Common,0.29,Out of Stock
Magic Planter,VASM-EN028,68,Rare,0.39,Out of Stock
Battlin' Boxer Rabbit Puncher,SHSP-EN007,992,Common,0.39,Out of Stock
King's Sarcophagus,AGOV-EN058,96,Quarter Century Secret Rare,51.09,Out of Stock
Full Armored Dark Knight Lancer,AGOV-EN041,586,Ultra Rare,1.79,Out of Stock
Dark Paladin,DPYG-EN016,320,Ultra Rare,8.69,Out of Stock
Chronomaly Winged Sphinx,LVAL-EN009,4261,Common,0.29,Out of Stock
Favorite Contact,POTE-EN069,586,Ultra Rare,9.99,Out of Stock
Chronomaly Mud Golem,NUMH-EN003,4674,Super Rare,0.49,Out of Stock
Divine Dragon Knight Felgrand,SHSP-EN056,4261,Ghost Rare,35.69,Out of Stock
"Alsei, the Sylvan High Protector",LVAL-EN052,1146,Ultra Rare,1.59,Out of Stock
Sylvan Bladefender,LVAL-EN000,4261,Super Rare,0.49,Out of Stock
Mementotlan Tatsunootoshigo,VASM-EN003,236,Super Rare,0.99,Out of Stock
Bujingi Crow,SHSP-EN023,4261,Rare,0.39,Out of Stock
Infinite Impermanence,SDCS-EN036,19,Super Rare,2.49,Out of Stock
Sakuretsu Armor,YSKR-EN043,502,Common,0.69,Out of Stock
Kuriboh,YSYR-EN008,1104,Common,0.39,Out of Stock
Galaxy Worm,COTD-EN094,2105,Common,0.29,Out of Stock
Gimmick Puppet Twilight Joker,NUMH-EN007,4674,Super Rare,0.49,Out of Stock
Chaos Necromancer,YSKR-EN017,1104,Common,0.29,Out of Stock
Switch Point,AGOV-EN099,922,Super Rare,0.49,Out of Stock
Gogogo Golem,NUMH-EN017,383,Super Rare,0.49,Out of Stock
Shadow Spell,YSKR-EN044,502,Common,0.29,Out of Stock
Vernusylph and the Changing Season,POTE-EN074,1363,Common,0.29,Out of Stock
Creation Resonator,SDCK-EN005,950,Common,0.29,Out of Stock
Canopic Protector,AGOV-EN076,586,Super Rare,0.49,Out of Stock
Gorgonic Cerberus,LVAL-EN014,4261,Common,0.29,Out of Stock
Vampire Sorcerer,SHSP-EN029,1125,Ultra Rare,0.79,Out of Stock
Vampire Hunter,SHSP-EN034,1125,Super Rare,1.19,Out of Stock
Mira the Star-Bearer,SHSP-EN091,4555,Common,0.29,Out of Stock
Cyber Phoenix,SDCR-EN008,383,Common,0.29,Out of Stock
Dragon Shield,SHSP-EN061,4555,Common,0.29,Out of Stock
Red-Eyes Slash Dragon,LEDU-EN003,236,Ultra Rare,7.29,Out of Stock
Ghostrick Mummy,LVAL-EN025,1454,Common,0.29,Out of Stock
Double Dust Tornado Twins,POTE-EN080,586,Common,0.29,Out of Stock
Vaylantz Mad Marquess,TAMA-EN007,1342,Rare,0.39,Out of Stock
Wonder Balloons,LEDU-EN049,3155,Common,0.29,Out of Stock
Sylvan Komushroomo,LVAL-EN016,4261,Rare,0.59,Out of Stock
"Duamutef, Blessing of Horus",AGOV-EN012,96,Quarter Century Secret Rare,11.99,Out of Stock
Return of the Monarchs,SHSP-EN067,3743,Ultra Rare,11.69,Out of Stock
Vaylantz Buster Baron,TAMA-EN005,1342,Super Rare,0.49,Out of Stock
Armoroid,LEDU-EN034,3155,Common,0.29,Out of Stock
"Malice, Lady of Lament",TAMA-EN051,1342,Rare,0.39,Out of Stock
Sylvan Guardioak,LVAL-EN019,4261,Common,0.29,Out of Stock
Monster Reborn,DPYG-EN019,19,Rare,0.49,Out of Stock
Ghostrick Lantern,SHSP-EN016,1454,Super Rare,0.69,Out of Stock
Supply Squad,VASM-EN014,824,Rare,0.39,Out of Stock
Realm Elegy,AGOV-EN052,922,Super Rare,0.49,Out of Stock
Swords of Revealing Light,YSYR-EN026,19,Common,0.39,Out of Stock
Photon Cerberus,NUMH-EN022,4674,Super Rare,0.49,Out of Stock
Stained Glass of Light & Dark,VASM-EN045,894,Rare,0.39,Out of Stock
Cyberse Wizard,COTD-EN001,2952,Super Rare,0.49,Out of Stock
Battlin' Boxer Rib Gardna,SHSP-EN006,4261,Common,0.49,Out of Stock
Hidden Temples of Necrovalley,LVAL-EN066,1993,Rare,0.39,Out of Stock
Ultimate Slayer,POTE-EN067,68,Secret Rare,4.29,Out of Stock
Deep-Space Cruiser IX,LVAL-EN010,4478,Common,0.29,Out of Stock
Bujingi Raven,SHSP-EN081,4261,Rare,0.39,Out of Stock
Vampire Sorcerer,SHSP-EN029,1125,Ultra Rare,0.49,Out of Stock
Rikka Konkon,POTE-EN066,964,Super Rare,0.49,Out of Stock
Castle Link,COTD-EN065,3190,Ultra Rare,0.49,Out of Stock
Mage Power,YSYR-EN029,538,Common,0.59,Out of Stock
Odd-Eyes Arcray Dragon,AGOV-EN030,19,Ultra Rare,2.29,Out of Stock
Swarm of Crows,SHSP-EN042,4555,Rare,0.39,Out of Stock
Re: EX,COTD-EN034,2798,Rare,0.39,Out of Stock
Book of Moon,YSYR-EN030,173,Common,0.49,Out of Stock
Terrors of the Overroot,POTE-EN078,805,Common,0.29,Out of Stock
Mementotlan Mace,VASM-EN006,894,Super Rare,0.69,Out of Stock
Kagetokage,NUMH-EN018,3191,Super Rare,0.69,Out of Stock
Witch of the Black Forest,SDCK-EN024,502,Common,0.29,Out of Stock
Sylvan Komushroomo,LVAL-EN016,4261,Rare,0.59,Out of Stock
Genomix Fighter,SHSP-EN039,4261,Ultra Rare,0.49,Out of Stock
Nurse Dragonmaid,LART-EN048,320,Ultra Rare,3.29,Out of Stock
Gouki Suprex,COTD-EN010,236,Rare,0.39,Out of Stock
Nazuki the Vaylantz Ninja,TAMA-EN003,1342,Rare,0.39,Out of Stock
Pendulum Evolution,AGOV-EN047,586,Common,0.29,Out of Stock
"Paces, Light of the Ghoti",POTE-EN086,1363,Ultra Rare,2.69,Out of Stock
Scareclaw Light-Heart,POTE-EN050,964,Ultra Rare,0.59,Out of Stock
"Imsety, Glory of Horus",AGOV-EN011,19,Quarter Century Secret Rare,54.09,Out of Stock
Trap Hole,YSYR-EN038,538,Common,0.39,Out of Stock
Mechquipped Angineer,NUMH-EN035,4674,Super Rare,1.09,Out of Stock
"Therion ""Empress"" Alasia",POTE-EN008,964,Super Rare,0.49,Out of Stock
Yellow-Bellied Oni,SHSP-EN033,4555,Common,0.29,Out of Stock
Play of the Tistina,AGOV-EN090,922,Common,0.29,Out of Stock
Trap Trick,TAMA-EN045,538,Rare,0.39,Out of Stock
Shield Crush,YSKR-EN038,1297,Common,0.29,Out of Stock
Trickstar Lycoris,COTD-EN007,2700,Super Rare,0.59,Out of Stock
Alpha Summon,AGOV-EN100,586,Common,0.29,Out of Stock
Malicevorous Spoon,SHSP-EN003,4261,Common,0.29,Out of Stock
Shrink,YSKR-EN037,502,Common,0.29,Out of Stock
Centur-Ion Primera,VASM-EN016,19,Ultra Rare,7.69,Out of Stock
Runick Fountain,TAMA-EN027,383,Ultra Rare,1.69,Out of Stock
Mirror Force,YSYR-EN040,538,Common,1.59,Out of Stock
Bujingi Ibis,SHSP-EN024,4261,Common,0.29,Out of Stock
Dark World Brainwashing,COTD-EN074,1244,Common,0.29,Out of Stock
Solar Wind Jammer,SDCR-EN013,4464,Common,0.29,Out of Stock
Armored Cybern,SDCR-EN011,3127,Common,0.29,Out of Stock
Colossal Fighter,VASM-EN054,538,Rare,0.39,Out of Stock
Buster Blader,YSYR-EN009,383,Common,0.49,Out of Stock
Crimson Knight Vampire Bram,SHSP-EN054,1454,Ultra Rare,0.49,Out of Stock
Sylvan Marshalleaf,LVAL-EN017,4261,Ultra Rare,4.49,Out of Stock
Cyber Repair Plant,SDCR-EN019,1657,Common,0.29,Out of Stock
Soul of the Supreme Celestial King,AGOV-EN069,922,Common,0.29,Out of Stock
Labrynth Set-Up,TAMA-EN022,964,Super Rare,0.49,Out of Stock
Gearfried the Red-Eyes Iron Knight,LEDU-EN002,756,Ultra Rare,4.29,Out of Stock
"Jain, Twilightsworn General",COTD-EN024,2798,Common,0.39,Out of Stock
Yellow Gadget,YSYR-EN021,586,Common,0.29,Out of Stock
Cyberdark Claw,LEDU-EN023,1503,Rare,2.99,Out of Stock
Destiny HERO - Dangerous,COTD-EN096,796,Common,0.29,Out of Stock
Queen's Knight,DPYG-EN003,502,Common,0.29,Out of Stock
Aratama,SHSP-EN035,1041,Rare,0.69,Out of Stock
Resurrection of Chakra,NUMH-EN053,4674,Super Rare,0.49,Out of Stock
Red Resonator,SDCK-EN007,950,Common,0.29,Out of Stock
Gorgonic Golem,LVAL-EN011,4261,Common,0.29,Out of Stock
Tearlaments Metanoise,POTE-EN071,1363,Common,0.29,Out of Stock
Chronomaly Moai Carrier,LVAL-EN008,4261,Common,0.29,Out of Stock
Malicevorous Spoon,SHSP-EN003,4261,Common,0.29,Out of Stock
Dark Magician Girl,YSYR-EN011,19,Common,0.69,Out of Stock
Scar of the Vendread,POTE-EN024,1363,Common,0.29,Out of Stock
Aussa the Earth Channeler,POTE-EN032,96,Ultra Rare,0.49,Out of Stock
Absolute Powerforce,SDCK-EN025,950,Common,0.29,Out of Stock
Tackle Crusader,LVAL-EN043,1839,Common,0.39,Out of Stock
Bujingi Fox,LVAL-EN029,4261,Rare,0.39,Out of Stock
Imperial Custom,VASM-EN058,68,Rare,0.39,Out of Stock
Amazoness Princess,LEDU-EN008,502,Super Rare,1.99,Out of Stock
Mystical Space Typhoon,YSKR-EN032,19,Common,0.29,Out of Stock
WANTED: Seeker of Sinful Spoils,AGOV-EN054,538,Quarter Century Secret Rare,114.99,Out of Stock
Interplanetarypurplythorny Beast,LVAL-EN098,4261,Common,0.29,Out of Stock
Gem-Knight Quartz,POTE-EN020,586,Super Rare,0.49,Out of Stock
Ghostrick Alucard,SHSP-EN052,3729,Ultra Rare,11.09,Out of Stock
Bonding - H2O,LEDU-EN051,1297,Common,0.29,Out of Stock
Melffy Pinny,POTE-EN023,586,Common,0.29,Out of Stock
Diabellstar the Black Witch,AGOV-EN006,237,Quarter Century Secret Rare,64.99,Out of Stock
Ghostrick Nekomusume,LVAL-EN023,4261,Common,0.39,Out of Stock
Traptrix Mantis,COTD-EN030,1160,Super Rare,0.49,Out of Stock
Vendread Scavenger,POTE-EN040,1363,Super Rare,0.49,Out of Stock
Orbital Hydralander,COTD-EN035,2798,Common,0.29,Out of Stock
Master Tao the Chanter,AGOV-EN025,145,Common,0.29,Out of Stock
"Garura, Wings of Resonant Life",POTE-EN082,705,Ultra Rare,3.29,Out of Stock
Overlay Capture,NUMH-EN056,4674,Super Rare,0.49,Out of Stock
Fairy Knight Ingunar,LVAL-EN055,4478,Super Rare,0.99,Out of Stock
Bujingi Centipede,SHSP-EN026,4261,Common,0.29,Out of Stock
Mobius the Mega Monarch,LVAL-EN040,3974,Ghost Rare,28.79,Out of Stock
Dark Resonator,SDCK-EN004,824,Common,0.29,Out of Stock
Berfomet the Mythical King of Phantom Beasts,AGOV-EN032,922,Super Rare,1.09,Out of Stock
Divine Dragon Knight Felgrand,SHSP-EN056,4261,Secret Rare,16.59,Out of Stock
Digit Jamming,POTE-EN068,586,Common,0.29,Out of Stock
Number 46: Dragluon,SHSP-EN050,4555,Super Rare,13.39,Out of Stock
Mystic Macrocarpa Seed,LVAL-EN035,4478,Common,0.29,Out of Stock
Lil-la Rap,AGOV-EN098,586,Common,0.29,Out of Stock
F.A. Sonic Meister,COTD-EN086,2798,Common,0.29,Out of Stock
World Legacy's Heart,COTD-EN058,2798,Common,0.29,Out of Stock
Wattkingdom,AGOV-EN062,922,Common,0.29,Out of Stock
"Tistina, the Divinity that Defies Darkness",AGOV-EN089,922,Quarter Century Secret Rare,9.39,Out of Stock
Draco-Utopian Aura,POTE-EN079,586,Secret Rare,1.49,Out of Stock
Wattaildragon,YSKR-EN012,4310,Common,0.39,Out of Stock
Missus Radiant,COTD-EN052,3190,Super Rare,0.69,Out of Stock
Angelica's Angelic Ring,AGOV-EN065,586,Common,0.29,Out of Stock
Trap Stun,SDCR-EN032,2819,Common,2.99,Out of Stock
Secret Sect Druid Dru,SHSP-EN009,4261,Common,0.28,Out of Stock
Numbers Overlay Boost,SHSP-EN071,4555,Common,0.29,Out of Stock
Double Coston,YSYR-EN016,978,Common,0.49,Out of Stock
D/D/D Gust High King Alexander,COTD-EN040,3190,Rare,0.69,Out of Stock
Zubaba General,JUMP-EN065,3729,Ultra Rare,1.99,Out of Stock
Elemental HERO Shining Neos Wingman,POTE-EN041,586,Ultra Rare,12.89,Out of Stock
Infernal Flame Banshee,AGOV-EN043,586,Quarter Century Secret Rare,25.99,Out of Stock
Downerd Magician,LVAL-EN057,908,Secret Rare,3.19,Out of Stock
Sylvan Bladefender,LVAL-EN000,4261,Super Rare,0.49,Out of Stock
Number 74: Master of Blades,NUMH-EN032,1993,Secret Rare,1.59,Out of Stock
Amazoness Village,LEDU-EN014,1125,Common,0.49,Out of Stock
WANTED: Seeker of Sinful Spoils,AGOV-EN054,538,Secret Rare,8.39,Out of Stock
Tiger Dragon,YSKR-EN024,2973,Common,0.39,Out of Stock
Angel of Zera,VASM-EN027,894,Rare,0.39,Out of Stock
Yomi Ship,LEDU-EN044,1148,Common,0.29,Out of Stock
Blue Duston,SHSP-EN045,4555,Common,0.29,Out of Stock
CXyz Coach Lord Ultimatrainer,NUMH-EN038,4674,Secret Rare,0.99,Out of Stock
Grisaille Prison,SHSP-EN078,3351,Rare,1.39,Out of Stock
Twilight Eraser,COTD-EN072,2798,Rare,0.39,Out of Stock
Zero Gravity,YSYR-EN045,1104,Common,0.29,Out of Stock
Number 85: Crazy Box,NUMH-EN033,4674,Super Rare,4.19,Out of Stock
Battle Ox,YSKR-EN004,789,Common,0.59,Out of Stock
Defense Zone,COTD-EN066,2798,Common,0.29,Out of Stock
Vaalmonica Followed Rhythm,VASM-EN039,894,Super Rare,0.49,Out of Stock
Fire Recovery,AGOV-EN059,586,Super Rare,0.49,Out of Stock
"Lilith, Lady of Lament",TAMA-EN049,1244,Rare,0.39,Out of Stock
Chronomaly Cabrera Trebuchet,NUMH-EN002,4674,Super Rare,0.49,Out of Stock
Ghostrick Mary,LVAL-EN022,1454,Super Rare,0.59,Out of Stock
Advance Draw,VASM-EN057,894,Rare,0.39,Out of Stock
"Shif, Fairy of the Ghoti",POTE-EN087,1363,Super Rare,0.59,Out of Stock
Lee the World Chalice Fairy,COTD-EN022,2798,Ultra Rare,0.49,Out of Stock
Overlay Booster,LVAL-EN006,271,Common,0.29,Out of Stock
Number C96: Dark Storm,SHSP-EN046,4555,Super Rare,0.59,Out of Stock
CXyz Skypalace Babylon,NUMH-EN046,4674,Secret Rare,0.99,Out of Stock
Sacred Serpent's Wake,SHSP-EN068,4555,Common,0.29,Out of Stock
Astrograph Sorcerer,TAMA-EN040,236,Rare,0.39,Out of Stock
Sergeant Electro,LEDU-EN046,3155,Common,0.29,Out of Stock
Assault Mode Activate,SDCK-EN039,77,Common,0.39,Out of Stock
Cyber Valley,SDCR-EN006,538,Common,0.29,Out of Stock
Battlin' Boxer Rib Gardna,SHSP-EN006,4261,Common,0.29,Out of Stock
The Monarchs Awaken,LVAL-EN077,3743,Common,0.29,Out of Stock
Magical Hats,DPYG-EN028,538,Rare,0.39,Out of Stock
Expressroid,LEDU-EN033,1297,Common,0.29,Out of Stock
Mementotlan Goblin,VASM-EN007,894,Rare,0.49,Out of Stock
Spellbinding Circle,DPYG-EN026,1104,Common,0.29,Out of Stock
Number 41: Bagooska the Terribly Tired Tapir,VASM-EN044,47,Rare,0.49,Out of Stock
Waboku,SDCR-EN035,502,Common,0.49,Out of Stock
Supreme King Dragon Lightwurm,AGOV-EN002,586,Common,0.29,Out of Stock
Xyz Avenger,LVAL-EN042,4478,Common,0.29,Out of Stock
Rising Energy,YSYR-EN046,1503,Common,0.29,Out of Stock
Granmarg the Mega Monarch,SHSP-EN041,4261,Secret Rare,1.89,Out of Stock
Vaylantz World - Shinra Bansho,TAMA-EN012,1342,Super Rare,0.49,Out of Stock
Cartorhyn the Hidden Gem of the Seafront,POTE-EN036,964,Common,0.29,Out of Stock
Gorgonic Cerberus,LVAL-EN014,4261,Common,0.29,Out of Stock
Sea Stealth Attack,LEDU-EN018,1412,Rare,0.49,Out of Stock
Magicians of Bonds and Unity,AGOV-EN000,733,Quarter Century Secret Rare,62.39,Out of Stock
Card Scanner,AGOV-EN066,586,Common,0.29,Out of Stock
The Tricky,YSYR-EN024,3491,Common,0.29,Out of Stock
Silent Doom,YSKR-EN039,789,Common,0.29,Out of Stock
Enemy Controller,YSKR-EN035,502,Common,0.79,Out of Stock
Deep-Space Cruiser IX,LVAL-EN010,4478,Common,0.29,Out of Stock
"Duamutef, Blessing of Horus",AGOV-EN012,96,Secret Rare,0.99,Out of Stock
Brilliant Rose,POTE-EN021,964,Common,0.29,Out of Stock
"Duralume, Vaalmonican Heathen Hallow",VASM-EN033,894,Super Rare,0.49,Out of Stock
Monster Reincarnation,LEDU-EN048,2630,Common,0.29,Out of Stock
Dododo Buster,LVAL-EN097,2294,Common,0.39,Out of Stock
Lady of the Lake,SHSP-EN084,4177,Secret Rare,5.29,Out of Stock
Gravity Lash,COTD-EN063,2798,Common,0.39,Out of Stock
Sinister Yorishiro,SHSP-EN089,2931,Ultra Rare,0.49,Out of Stock
Photon Chargeman,LVAL-EN007,4261,Common,0.29,Out of Stock
Starship Spy Plane,LVAL-EN099,4261,Common,0.29,Out of Stock
Sinister Yorishiro,SHSP-EN089,2931,Ultra Rare,0.49,Out of Stock
Dragard,SHSP-EN092,4555,Super Rare,0.59,Out of Stock
Number 15: Gimmick Puppet Giant Grinder,NUMH-EN027,586,Secret Rare,1.19,Out of Stock
Twilight Twin Dragons,COTD-EN060,3190,Common,0.29,Out of Stock
Horus the Black Flame Dragon LV6,YSKR-EN020,4527,Common,0.99,Out of Stock
Onomatopaira,LVAL-EN067,383,Rare,0.79,Out of Stock
Bujinunity,LVAL-EN065,4261,Rare,0.39,Out of Stock
Hack Worm,COTD-EN012,2798,Common,0.29,Out of Stock
Arias the Labrynth Butler,AGOV-EN017,19,Quarter Century Secret Rare,88.39,Out of Stock
Noble Arms - Excaliburn,SHSP-EN088,4177,Super Rare,3.89,Out of Stock
Noble Knight Borz,SHSP-EN085,1015,Super Rare,0.69,Out of Stock
T.G. Limiter Removal,AGOV-EN049,922,Quarter Century Secret Rare,11.79,Out of Stock
Ghostrick Alucard,SHSP-EN052,3729,Ultra Rare,8.29,Out of Stock
Amazoness Baby Tiger,LEDU-EN009,2126,Ultra Rare,3.69,Out of Stock
Des Feral Imp,YSKR-EN015,502,Common,0.39,Out of Stock
Numbers Overlay Boost,SHSP-EN071,4555,Common,0.29,Out of Stock
Seed-Spitting Saplings,AGOV-EN022,922,Super Rare,0.49,Out of Stock
World Chalice Guardragon,COTD-EN021,2448,Ultra Rare,0.49,Out of Stock
Secret Sect Druid Wid,SHSP-EN008,4261,Common,0.29,Out of Stock
Trickstar Holly Angel,COTD-EN044,2583,Ultra Rare,0.59,Out of Stock
Mecha Phantom Beast Kalgriffin,SHSP-EN028,4261,Rare,0.39,Out of Stock
Swords at Dawn,SHSP-EN066,4177,Rare,0.39,Out of Stock
P.U.N.K. JAM Dragon Drive,POTE-EN046,19,Super Rare,0.49,Out of Stock
Sorcerer of Dark Magic,DPYG-EN010,4957,Super Rare,10.09,Out of Stock
Wicked Acolyte Chilam Sabak,COTD-EN093,2798,Common,0.29,Out of Stock
Summoned Skull,YSYR-EN004,538,Common,0.69,Out of Stock
Mystical Space Typhoon,YSYR-EN028,19,Common,0.49,Out of Stock
Knight Day Grepher,SHSP-EN038,4177,Common,0.29,Out of Stock
Power Bond,SDCR-EN022,1657,Common,0.39,Out of Stock
The Immortal Bushi Mourns the Mortal Body,AGOV-EN067,586,Common,0.29,Out of Stock
Vampire Duke,SHSP-EN082,1454,Rare,0.39,Out of Stock
Gunkan Suship Shari Red,POTE-EN026,586,Common,0.29,Out of Stock
Bujingi Swallow,LVAL-EN028,4261,Common,0.29,Out of Stock
Mixeroid,LEDU-EN029,1297,Rare,0.39,Out of Stock
Pot of Extravagance,SDCK-EN031,47,Common,0.59,Out of Stock
Black Luster Ritual,DPYG-EN022,2175,Common,0.29,Out of Stock
Spright Starter,POTE-EN055,19,Ultra Rare,2.09,Out of Stock
Mythic Tree Dragon,SHSP-EN010,4261,Common,0.29,Out of Stock
Red-Eyes Fusion,LEDU-EN006,1608,Common,1.09,Out of Stock
Vernusylph Corolla,POTE-EN061,1363,Super Rare,0.49,Out of Stock
Book of Eclipse,TAMA-EN041,705,Rare,0.39,Out of Stock
Vehicroid Connection Zone,LEDU-EN035,1297,Common,0.29,Out of Stock
Battlin' Boxer Cheat Commissioner,SHSP-EN049,992,Rare,0.39,Out of Stock
T.G. Over Dragonar,AGOV-EN035,922,Ultra Rare,0.49,Out of Stock
Oh Tokenbaum!,SHSP-EN098,2736,Rare,0.39,Out of Stock
Ghostrick Mary,LVAL-EN022,1454,Super Rare,0.59,Out of Stock
Bujin Arasuda,LVAL-EN026,4261,Ultra Rare,2.39,Out of Stock
Bonding - D2O,LEDU-EN038,1297,Rare,0.39,Out of Stock
Vaylantz Voltage Viscount,TAMA-EN006,1342,Rare,0.39,Out of Stock
Stand-Off,LVAL-EN069,4478,Common,0.29,Out of Stock
Sylvan Hermitree,LVAL-EN020,4261,Ultra Rare,7.39,Out of Stock
There Can Be Only One,VASM-EN015,894,Rare,0.39,Out of Stock
Vaylantz Wars - The Place of Beginning,TAMA-EN011,1342,Ultra Rare,0.59,Out of Stock
Vice Dragon,SDCK-EN009,950,Common,0.29,Out of Stock
Escapegoat,AGOV-EN080,586,Common,0.29,Out of Stock
Synchro Rumble,AGOV-EN060,173,Super Rare,1.29,Out of Stock
Bone Archfiend,SDCK-EN003,950,Common,4.29,Out of Stock
"Valhalla, Hall of the Fallen",VASM-EN056,761,Rare,0.39,Out of Stock
Black Pendant,YSYR-EN027,1104,Common,0.29,Out of Stock
Number 64: Ronin Raccoon Sandayu,SHSP-EN051,4261,Rare,2.79,Out of Stock
Call of the Haunted,VASM-EN059,19,Rare,0.39,Out of Stock
Mementotlan Angwitch,VASM-EN005,383,Ultra Rare,0.99,Out of Stock
Chain Ignition,SHSP-EN077,4555,Common,0.39,Out of Stock
Xyz Armor Torpedo,AGOV-EN039,922,Super Rare,0.79,Out of Stock
Water Dragon,LEDU-EN042,1297,Common,0.49,Out of Stock
Archlord Kristya,VASM-EN048,894,Quarter Century Secret Rare,103.69,Out of Stock
"Qebehsenuef, Protection of Horus",AGOV-EN014,96,Super Rare,0.49,Out of Stock
Motivating Captain,COTD-EN031,2798,Rare,0.39,Out of Stock
Cyberdarkness Dragon,LEDU-EN024,1657,Super Rare,3.39,Out of Stock
"Release, Reverse, Burst",LVAL-EN071,4478,Common,0.29,Out of Stock
Gravity Collapse,VASM-EN030,894,Rare,0.69,Out of Stock
T.G. Close,AGOV-EN070,922,Common,0.29,Out of Stock
Mementotlan Dark Blade,VASM-EN004,236,Super Rare,0.89,Out of Stock
Shard of Greed,YSYR-EN037,1511,Common,0.79,Out of Stock
Oxygeddon,LEDU-EN041,1297,Common,0.29,Out of Stock
Psi-Reflector,SDCK-EN019,19,Common,0.49,Out of Stock
Soul Drain Dragon,SHSP-EN013,4555,Common,0.29,Out of Stock
Ibicella Lutea,VASM-EN052,894,Rare,0.39,Out of Stock
"Eanoc, Sentry of the Ghoti",POTE-EN088,1363,Common,0.29,Out of Stock
Power Tool Braver Dragon,POTE-EN097,1363,Super Rare,0.49,Out of Stock
Hot Red Dragon Archfiend Bane,SDCK-EN043,950,Common,0.29,Out of Stock
Vivid Knight,SHSP-EN099,4555,Rare,0.39,Out of Stock
Visas Samsara,AGOV-EN004,586,Quarter Century Secret Rare,17.39,Out of Stock
"Imsety, Glory of Horus",AGOV-EN011,19,Secret Rare,8.29,Out of Stock
Dark Hole,YSKR-EN028,236,Common,0.49,Out of Stock
Krawler Soma,POTE-EN029,1363,Common,0.29,Out of Stock
Firewall Dragon,COTD-EN043,964,Secret Rare,4.19,Out of Stock
Lady of the Lake,SHSP-EN084,4177,Secret Rare,3.79,Out of Stock
Labrynth Cooclock,TAMA-EN020,916,Rare,0.39,Out of Stock
Marshmallon,DPYG-EN015,2847,Rare,0.39,Out of Stock
